{
  "project_info": {
    "project_number": "58391678713",
    "project_id": "nabd-1aefb",
    "storage_bucket": "nabd-1aefb.appspot.com"
  },
  "client": [
    {
      "client_info": {
        "mobilesdk_app_id": "1:58391678713:android:12e15f0e93bd749dda1c28",
        "android_client_info": {
          "package_name": "com.example.nabd"
        }
      },
      "oauth_client": [],
      "api_key": [
        {
          "current_key": "AIzaSyCX33RkIRGAWVdp-Tx2J4_im6Fx5Eud1qc"
        }
      ],
      "services": {
        "appinvite_service": {
          "other_platform_oauth_client": []
        }
      }
    }
  ],
  "configuration_version": "1"
}